GuestID | RoomNumber | Group |      TravelPath       |  Type 
--------+------------+-------+-----------------------+-------
      0 |         10 |     1 |     (1,1,1,1,1,1)     |  Auto 
      1 |         11 |     1 |     (1,1,1,1,1,2)     |  Auto 
      2 |         12 |     1 |     (1,1,1,1,1,3)     |  Auto 
      3 |         13 |     1 |     (1,1,1,1,1,4)     |  Auto 
      4 |         14 |     1 |     (1,1,1,1,1,5)     |  Auto 
      5 |         15 |     1 |     (1,1,1,1,1,6)     |  Auto 
      6 |         16 |     1 |     (1,1,1,1,2,1)     |  Auto 
      7 |         17 |     1 |     (1,1,1,1,2,2)     |  Auto 
      8 |         18 |     1 |     (1,1,1,1,2,3)     |  Auto 
      9 |         19 |     1 |     (1,1,1,1,2,4)     |  Auto 
     10 |         20 |     1 |     (1,1,1,1,2,5)     |  Auto 
     11 |         21 |     1 |     (1,1,1,1,2,6)     |  Auto 
     12 |         22 |     1 |     (1,1,1,1,3,1)     |  Auto 
     13 |         23 |     1 |     (1,1,1,1,3,2)     |  Auto 
     14 |         24 |     1 |     (1,1,1,1,3,3)     |  Auto 
     15 |         25 |     1 |     (1,1,1,1,3,4)     |  Auto 
     16 |         26 |     1 |     (1,1,1,1,3,5)     |  Auto 
     17 |         27 |     1 |     (1,1,1,1,3,6)     |  Auto 
     18 |         28 |     1 |     (1,1,1,1,4,1)     |  Auto 
     19 |         29 |     1 |     (1,1,1,1,4,2)     |  Auto 
     20 |         30 |     1 |     (1,1,1,1,4,3)     |  Auto 
     21 |         31 |     1 |     (1,1,1,1,4,4)     |  Auto 
     22 |         32 |     1 |     (1,1,1,1,4,5)     |  Auto 
     23 |         33 |     1 |     (1,1,1,1,4,6)     |  Auto 
     24 |         34 |     1 |     (1,1,1,1,5,1)     |  Auto 
     25 |         35 |     1 |     (1,1,1,1,5,2)     |  Auto 
     26 |         36 |     1 |     (1,1,1,1,5,3)     |  Auto 
     27 |         37 |     1 |     (1,1,1,1,5,4)     |  Auto 
     28 |         38 |     1 |     (1,1,1,1,5,5)     |  Auto 
     29 |         39 |     1 |     (1,1,1,1,5,6)     |  Auto 
     30 |         40 |     1 |     (1,1,1,2,1,1)     |  Auto 
     31 |         41 |     1 |     (1,1,1,2,1,2)     |  Auto 
     32 |         42 |     1 |     (1,1,1,2,1,3)     |  Auto 
     33 |         43 |     1 |     (1,1,1,2,1,4)     |  Auto 
     34 |         44 |     1 |     (1,1,1,2,1,5)     |  Auto 
     35 |         45 |     1 |     (1,1,1,2,1,6)     |  Auto 
     36 |         46 |     1 |     (1,1,1,2,2,1)     |  Auto 
     37 |         47 |     1 |     (1,1,1,2,2,2)     |  Auto 
     38 |         48 |     1 |     (1,1,1,2,2,3)     |  Auto 
     39 |         49 |     1 |     (1,1,1,2,2,4)     |  Auto 
     40 |         50 |     1 |     (1,1,1,2,2,5)     |  Auto 
     41 |         51 |     1 |     (1,1,1,2,2,6)     |  Auto 
     42 |         52 |     1 |     (1,1,1,2,3,1)     |  Auto 
     43 |         53 |     1 |     (1,1,1,2,3,2)     |  Auto 
     44 |         54 |     1 |     (1,1,1,2,3,3)     |  Auto 
     45 |         55 |     1 |     (1,1,1,2,3,4)     |  Auto 
     46 |         56 |     1 |     (1,1,1,2,3,5)     |  Auto 
     47 |         57 |     1 |     (1,1,1,2,3,6)     |  Auto 
     48 |         58 |     1 |     (1,1,1,2,4,1)     |  Auto 
     49 |         59 |     1 |     (1,1,1,2,4,2)     |  Auto 
     50 |         60 |     1 |     (1,1,1,2,4,3)     |  Auto 
     51 |         61 |     1 |     (1,1,1,2,4,4)     |  Auto 
     52 |         62 |     1 |     (1,1,1,2,4,5)     |  Auto 
     53 |         63 |     1 |     (1,1,1,2,4,6)     |  Auto 
     54 |         64 |     1 |     (1,1,1,2,5,1)     |  Auto 
     55 |         65 |     1 |     (1,1,1,2,5,2)     |  Auto 
     56 |         66 |     1 |     (1,1,1,2,5,3)     |  Auto 
     57 |         67 |     1 |     (1,1,1,2,5,4)     |  Auto 
     58 |         68 |     1 |     (1,1,1,2,5,5)     |  Auto 
     59 |         69 |     1 |     (1,1,1,2,5,6)     |  Auto 
     60 |         70 |     1 |     (1,1,1,3,1,1)     |  Auto 
     61 |         71 |     1 |     (1,1,1,3,1,2)     |  Auto 
     62 |         72 |     1 |     (1,1,1,3,1,3)     |  Auto 
     63 |         73 |     1 |     (1,1,1,3,1,4)     |  Auto 
     64 |         74 |     1 |     (1,1,1,3,1,5)     |  Auto 
     65 |         75 |     1 |     (1,1,1,3,1,6)     |  Auto 
     66 |         76 |     1 |     (1,1,1,3,2,1)     |  Auto 
     67 |         77 |     1 |     (1,1,1,3,2,2)     |  Auto 
     68 |         78 |     1 |     (1,1,1,3,2,3)     |  Auto 
     69 |         79 |     1 |     (1,1,1,3,2,4)     |  Auto 
     70 |         80 |     1 |     (1,1,1,3,2,5)     |  Auto 
     71 |         81 |     1 |     (1,1,1,3,2,6)     |  Auto 
     72 |         82 |     1 |     (1,1,1,3,3,1)     |  Auto 
     73 |         83 |     1 |     (1,1,1,3,3,2)     |  Auto 
     74 |         84 |     1 |     (1,1,1,3,3,3)     |  Auto 
     75 |         85 |     1 |     (1,1,1,3,3,4)     |  Auto 
     76 |         86 |     1 |     (1,1,1,3,3,5)     |  Auto 
     77 |         87 |     1 |     (1,1,1,3,3,6)     |  Auto 
     78 |         88 |     1 |     (1,1,1,3,4,1)     |  Auto 
     79 |         89 |     1 |     (1,1,1,3,4,2)     |  Auto 
     80 |         90 |     1 |     (1,1,1,3,4,3)     |  Auto 
     81 |         91 |     1 |     (1,1,1,3,4,4)     |  Auto 
     82 |         92 |     1 |     (1,1,1,3,4,5)     |  Auto 
     83 |         93 |     1 |     (1,1,1,3,4,6)     |  Auto 
     84 |         94 |     1 |     (1,1,1,3,5,1)     |  Auto 
     85 |         95 |     1 |     (1,1,1,3,5,2)     |  Auto 
     86 |         96 |     1 |     (1,1,1,3,5,3)     |  Auto 
     87 |         97 |     1 |     (1,1,1,3,5,4)     |  Auto 
     88 |         98 |     1 |     (1,1,1,3,5,5)     |  Auto 
     89 |         99 |     1 |     (1,1,1,3,5,6)     |  Auto 
     90 |        100 |     1 |     (1,1,1,4,1,1)     |  Auto 
     91 |        101 |     1 |     (1,1,1,4,1,2)     |  Auto 
     92 |        102 |     1 |     (1,1,1,4,1,3)     |  Auto 
     93 |        103 |     1 |     (1,1,1,4,1,4)     |  Auto 
     94 |        104 |     1 |     (1,1,1,4,1,5)     |  Auto 
     95 |        105 |     1 |     (1,1,1,4,1,6)     |  Auto 
     96 |        106 |     1 |     (1,1,1,4,2,1)     |  Auto 
     97 |        107 |     1 |     (1,1,1,4,2,2)     |  Auto 
     98 |        108 |     1 |     (1,1,1,4,2,3)     |  Auto 
     99 |        109 |     1 |     (1,1,1,4,2,4)     |  Auto 
    100 |        110 |     1 |     (1,1,1,4,2,5)     |  Auto 
    101 |        111 |     1 |     (1,1,1,4,2,6)     |  Auto 
    102 |        112 |     1 |     (1,1,1,4,3,1)     |  Auto 
    103 |        113 |     1 |     (1,1,1,4,3,2)     |  Auto 
    104 |        114 |     1 |     (1,1,1,4,3,3)     |  Auto 
    105 |        115 |     1 |     (1,1,1,4,3,4)     |  Auto 
    106 |        116 |     1 |     (1,1,1,4,3,5)     |  Auto 
    107 |        117 |     1 |     (1,1,1,4,3,6)     |  Auto 
    108 |        118 |     1 |     (1,1,1,4,4,1)     |  Auto 
    109 |        119 |     1 |     (1,1,1,4,4,2)     |  Auto 
    110 |        120 |     1 |     (1,1,1,4,4,3)     |  Auto 
    111 |        121 |     1 |     (1,1,1,4,4,4)     |  Auto 
    112 |        122 |     1 |     (1,1,1,4,4,5)     |  Auto 
    113 |        123 |     1 |     (1,1,1,4,4,6)     |  Auto 
    114 |        124 |     1 |     (1,1,1,4,5,1)     |  Auto 
    115 |        125 |     1 |     (1,1,1,4,5,2)     |  Auto 
    116 |        126 |     1 |     (1,1,1,4,5,3)     |  Auto 
    117 |        127 |     1 |     (1,1,1,4,5,4)     |  Auto 
    118 |        128 |     1 |     (1,1,1,4,5,5)     |  Auto 
    119 |        129 |     1 |     (1,1,1,4,5,6)     |  Auto 
    120 |        130 |     1 |     (1,1,2,1,1,1)     |  Auto 
    121 |        131 |     1 |     (1,1,2,1,1,2)     |  Auto 
    122 |        132 |     1 |     (1,1,2,1,1,3)     |  Auto 
    123 |        133 |     1 |     (1,1,2,1,1,4)     |  Auto 
    124 |        134 |     1 |     (1,1,2,1,1,5)     |  Auto 
    125 |        135 |     1 |     (1,1,2,1,1,6)     |  Auto 
    126 |        136 |     1 |     (1,1,2,1,2,1)     |  Auto 
    127 |        137 |     1 |     (1,1,2,1,2,2)     |  Auto 
    128 |        138 |     1 |     (1,1,2,1,2,3)     |  Auto 
    129 |        139 |     1 |     (1,1,2,1,2,4)     |  Auto 
    130 |        140 |     1 |     (1,1,2,1,2,5)     |  Auto 
    131 |        141 |     1 |     (1,1,2,1,2,6)     |  Auto 
    132 |        142 |     1 |     (1,1,2,1,3,1)     |  Auto 
    133 |        143 |     1 |     (1,1,2,1,3,2)     |  Auto 
    134 |        144 |     1 |     (1,1,2,1,3,3)     |  Auto 
    135 |        145 |     1 |     (1,1,2,1,3,4)     |  Auto 
    136 |        146 |     1 |     (1,1,2,1,3,5)     |  Auto 
    137 |        147 |     1 |     (1,1,2,1,3,6)     |  Auto 
    138 |        148 |     1 |     (1,1,2,1,4,1)     |  Auto 
    139 |        149 |     1 |     (1,1,2,1,4,2)     |  Auto 
    140 |        150 |     1 |     (1,1,2,1,4,3)     |  Auto 
    141 |        151 |     1 |     (1,1,2,1,4,4)     |  Auto 
    142 |        152 |     1 |     (1,1,2,1,4,5)     |  Auto 
    143 |        153 |     1 |     (1,1,2,1,4,6)     |  Auto 
    144 |        154 |     1 |     (1,1,2,1,5,1)     |  Auto 
    145 |        155 |     1 |     (1,1,2,1,5,2)     |  Auto 
    146 |        156 |     1 |     (1,1,2,1,5,3)     |  Auto 
    147 |        157 |     1 |     (1,1,2,1,5,4)     |  Auto 
    148 |        158 |     1 |     (1,1,2,1,5,5)     |  Auto 
    149 |        159 |     1 |     (1,1,2,1,5,6)     |  Auto 
    150 |        160 |     1 |     (1,1,2,2,1,1)     |  Auto 
    151 |        161 |     1 |     (1,1,2,2,1,2)     |  Auto 
    152 |        162 |     1 |     (1,1,2,2,1,3)     |  Auto 
    153 |        163 |     1 |     (1,1,2,2,1,4)     |  Auto 
    154 |        164 |     1 |     (1,1,2,2,1,5)     |  Auto 
    155 |        165 |     1 |     (1,1,2,2,1,6)     |  Auto 
    156 |        166 |     1 |     (1,1,2,2,2,1)     |  Auto 
    157 |        167 |     1 |     (1,1,2,2,2,2)     |  Auto 
    158 |        168 |     1 |     (1,1,2,2,2,3)     |  Auto 
    159 |        169 |     1 |     (1,1,2,2,2,4)     |  Auto 
    160 |        170 |     1 |     (1,1,2,2,2,5)     |  Auto 
    161 |        171 |     1 |     (1,1,2,2,2,6)     |  Auto 
    162 |        172 |     1 |     (1,1,2,2,3,1)     |  Auto 
    163 |        173 |     1 |     (1,1,2,2,3,2)     |  Auto 
    164 |        174 |     1 |     (1,1,2,2,3,3)     |  Auto 
    165 |        175 |     1 |     (1,1,2,2,3,4)     |  Auto 
    166 |        176 |     1 |     (1,1,2,2,3,5)     |  Auto 
    167 |        177 |     1 |     (1,1,2,2,3,6)     |  Auto 
    168 |        178 |     1 |     (1,1,2,2,4,1)     |  Auto 
    169 |        179 |     1 |     (1,1,2,2,4,2)     |  Auto 
    170 |        180 |     1 |     (1,1,2,2,4,3)     |  Auto 
    171 |        181 |     1 |     (1,1,2,2,4,4)     |  Auto 
    172 |        182 |     1 |     (1,1,2,2,4,5)     |  Auto 
    173 |        183 |     1 |     (1,1,2,2,4,6)     |  Auto 
    174 |        184 |     1 |     (1,1,2,2,5,1)     |  Auto 
    175 |        185 |     1 |     (1,1,2,2,5,2)     |  Auto 
    176 |        186 |     1 |     (1,1,2,2,5,3)     |  Auto 
    177 |        187 |     1 |     (1,1,2,2,5,4)     |  Auto 
    178 |        188 |     1 |     (1,1,2,2,5,5)     |  Auto 
    179 |        189 |     1 |     (1,1,2,2,5,6)     |  Auto 
    180 |        190 |     1 |     (1,1,2,3,1,1)     |  Auto 
    181 |        191 |     1 |     (1,1,2,3,1,2)     |  Auto 
    182 |        192 |     1 |     (1,1,2,3,1,3)     |  Auto 
    183 |        193 |     1 |     (1,1,2,3,1,4)     |  Auto 
    184 |        194 |     1 |     (1,1,2,3,1,5)     |  Auto 
    185 |        195 |     1 |     (1,1,2,3,1,6)     |  Auto 
    186 |        196 |     1 |     (1,1,2,3,2,1)     |  Auto 
    187 |        197 |     1 |     (1,1,2,3,2,2)     |  Auto 
    188 |        198 |     1 |     (1,1,2,3,2,3)     |  Auto 
    189 |        199 |     1 |     (1,1,2,3,2,4)     |  Auto 
    190 |        200 |     1 |     (1,1,2,3,2,5)     |  Auto 
    191 |        201 |     1 |     (1,1,2,3,2,6)     |  Auto 
    192 |        202 |     1 |     (1,1,2,3,3,1)     |  Auto 
    193 |        203 |     1 |     (1,1,2,3,3,2)     |  Auto 
    194 |        204 |     1 |     (1,1,2,3,3,3)     |  Auto 
    195 |        205 |     1 |     (1,1,2,3,3,4)     |  Auto 
    196 |        206 |     1 |     (1,1,2,3,3,5)     |  Auto 
    197 |        207 |     1 |     (1,1,2,3,3,6)     |  Auto 
    198 |        208 |     1 |     (1,1,2,3,4,1)     |  Auto 
    199 |        209 |     1 |     (1,1,2,3,4,2)     |  Auto 
    200 |        210 |     1 |     (1,1,2,3,4,3)     |  Auto 
    201 |        211 |     1 |     (1,1,2,3,4,4)     |  Auto 
    202 |        212 |     1 |     (1,1,2,3,4,5)     |  Auto 
    203 |        213 |     1 |     (1,1,2,3,4,6)     |  Auto 
    204 |        214 |     1 |     (1,1,2,3,5,1)     |  Auto 
    205 |        215 |     1 |     (1,1,2,3,5,2)     |  Auto 
    206 |        216 |     1 |     (1,1,2,3,5,3)     |  Auto 
    207 |        217 |     1 |     (1,1,2,3,5,4)     |  Auto 
    208 |        218 |     1 |     (1,1,2,3,5,5)     |  Auto 
    209 |        219 |     1 |     (1,1,2,3,5,6)     |  Auto 
    210 |        220 |     1 |     (1,1,2,4,1,1)     |  Auto 
    211 |        221 |     1 |     (1,1,2,4,1,2)     |  Auto 
    212 |        222 |     1 |     (1,1,2,4,1,3)     |  Auto 
    213 |        223 |     1 |     (1,1,2,4,1,4)     |  Auto 
    214 |        224 |     1 |     (1,1,2,4,1,5)     |  Auto 
    215 |        225 |     1 |     (1,1,2,4,1,6)     |  Auto 
    216 |        226 |     1 |     (1,1,2,4,2,1)     |  Auto 
    217 |        227 |     1 |     (1,1,2,4,2,2)     |  Auto 
    218 |        228 |     1 |     (1,1,2,4,2,3)     |  Auto 
    219 |        229 |     1 |     (1,1,2,4,2,4)     |  Auto 
    220 |        230 |     1 |     (1,1,2,4,2,5)     |  Auto 
    221 |        231 |     1 |     (1,1,2,4,2,6)     |  Auto 
    222 |        232 |     1 |     (1,1,2,4,3,1)     |  Auto 
    223 |        233 |     1 |     (1,1,2,4,3,2)     |  Auto 
    224 |        234 |     1 |     (1,1,2,4,3,3)     |  Auto 
    225 |        235 |     1 |     (1,1,2,4,3,4)     |  Auto 
    226 |        236 |     1 |     (1,1,2,4,3,5)     |  Auto 
    227 |        237 |     1 |     (1,1,2,4,3,6)     |  Auto 
    228 |        238 |     1 |     (1,1,2,4,4,1)     |  Auto 
    229 |        239 |     1 |     (1,1,2,4,4,2)     |  Auto 
    230 |        240 |     1 |     (1,1,2,4,4,3)     |  Auto 
    231 |        241 |     1 |     (1,1,2,4,4,4)     |  Auto 
    232 |        242 |     1 |     (1,1,2,4,4,5)     |  Auto 
    233 |        243 |     1 |     (1,1,2,4,4,6)     |  Auto 
    234 |        244 |     1 |     (1,1,2,4,5,1)     |  Auto 
    235 |        245 |     1 |     (1,1,2,4,5,2)     |  Auto 
    236 |        246 |     1 |     (1,1,2,4,5,3)     |  Auto 
    237 |        247 |     1 |     (1,1,2,4,5,4)     |  Auto 
    238 |        248 |     1 |     (1,1,2,4,5,5)     |  Auto 
    239 |        249 |     1 |     (1,1,2,4,5,6)     |  Auto 
    240 |        250 |     1 |     (1,1,3,1,1,1)     |  Auto 
    241 |        251 |     1 |     (1,1,3,1,1,2)     |  Auto 
    242 |        252 |     1 |     (1,1,3,1,1,3)     |  Auto 
    243 |        253 |     1 |     (1,1,3,1,1,4)     |  Auto 
    244 |        254 |     1 |     (1,1,3,1,1,5)     |  Auto 
    245 |        255 |     1 |     (1,1,3,1,1,6)     |  Auto 
    246 |        256 |     1 |     (1,1,3,1,2,1)     |  Auto 
    247 |        257 |     1 |     (1,1,3,1,2,2)     |  Auto 
    248 |        258 |     1 |     (1,1,3,1,2,3)     |  Auto 
    249 |        259 |     1 |     (1,1,3,1,2,4)     |  Auto 
    250 |        260 |     1 |     (1,1,3,1,2,5)     |  Auto 
    251 |        261 |     1 |     (1,1,3,1,2,6)     |  Auto 
    252 |        262 |     1 |     (1,1,3,1,3,1)     |  Auto 
    253 |        263 |     1 |     (1,1,3,1,3,2)     |  Auto 
    254 |        264 |     1 |     (1,1,3,1,3,3)     |  Auto 
    255 |        265 |     1 |     (1,1,3,1,3,4)     |  Auto 
    256 |        266 |     1 |     (1,1,3,1,3,5)     |  Auto 
    257 |        267 |     1 |     (1,1,3,1,3,6)     |  Auto 
    258 |        268 |     1 |     (1,1,3,1,4,1)     |  Auto 
    259 |        269 |     1 |     (1,1,3,1,4,2)     |  Auto 
    260 |        270 |     1 |     (1,1,3,1,4,3)     |  Auto 
    261 |        271 |     1 |     (1,1,3,1,4,4)     |  Auto 
    262 |        272 |     1 |     (1,1,3,1,4,5)     |  Auto 
    263 |        273 |     1 |     (1,1,3,1,4,6)     |  Auto 
    264 |        274 |     1 |     (1,1,3,1,5,1)     |  Auto 
    265 |        275 |     1 |     (1,1,3,1,5,2)     |  Auto 
    266 |        276 |     1 |     (1,1,3,1,5,3)     |  Auto 
    267 |        277 |     1 |     (1,1,3,1,5,4)     |  Auto 
    268 |        278 |     1 |     (1,1,3,1,5,5)     |  Auto 
    269 |        279 |     1 |     (1,1,3,1,5,6)     |  Auto 
    270 |        280 |     1 |     (1,1,3,2,1,1)     |  Auto 
    271 |        281 |     1 |     (1,1,3,2,1,2)     |  Auto 
    272 |        282 |     1 |     (1,1,3,2,1,3)     |  Auto 
    273 |        283 |     1 |     (1,1,3,2,1,4)     |  Auto 
    274 |        284 |     1 |     (1,1,3,2,1,5)     |  Auto 
    275 |        285 |     1 |     (1,1,3,2,1,6)     |  Auto 
    276 |        286 |     1 |     (1,1,3,2,2,1)     |  Auto 
    277 |        287 |     1 |     (1,1,3,2,2,2)     |  Auto 
    278 |        288 |     1 |     (1,1,3,2,2,3)     |  Auto 
    279 |        289 |     1 |     (1,1,3,2,2,4)     |  Auto 
    280 |        290 |     1 |     (1,1,3,2,2,5)     |  Auto 
    281 |        291 |     1 |     (1,1,3,2,2,6)     |  Auto 
    282 |        292 |     1 |     (1,1,3,2,3,1)     |  Auto 
    283 |        293 |     1 |     (1,1,3,2,3,2)     |  Auto 
    284 |        294 |     1 |     (1,1,3,2,3,3)     |  Auto 
    285 |        295 |     1 |     (1,1,3,2,3,4)     |  Auto 
    286 |        296 |     1 |     (1,1,3,2,3,5)     |  Auto 
    287 |        297 |     1 |     (1,1,3,2,3,6)     |  Auto 
    288 |        298 |     1 |     (1,1,3,2,4,1)     |  Auto 
    289 |        299 |     1 |     (1,1,3,2,4,2)     |  Auto 
    290 |        300 |     1 |     (1,1,3,2,4,3)     |  Auto 
    291 |        301 |     1 |     (1,1,3,2,4,4)     |  Auto 
    292 |        302 |     1 |     (1,1,3,2,4,5)     |  Auto 
    293 |        303 |     1 |     (1,1,3,2,4,6)     |  Auto 
    294 |        304 |     1 |     (1,1,3,2,5,1)     |  Auto 
    295 |        305 |     1 |     (1,1,3,2,5,2)     |  Auto 
    296 |        306 |     1 |     (1,1,3,2,5,3)     |  Auto 
    297 |        307 |     1 |     (1,1,3,2,5,4)     |  Auto 
    298 |        308 |     1 |     (1,1,3,2,5,5)     |  Auto 
    299 |        309 |     1 |     (1,1,3,2,5,6)     |  Auto 
    300 |        310 |     1 |     (1,1,3,3,1,1)     |  Auto 
    301 |        311 |     1 |     (1,1,3,3,1,2)     |  Auto 
    302 |        312 |     1 |     (1,1,3,3,1,3)     |  Auto 
    303 |        313 |     1 |     (1,1,3,3,1,4)     |  Auto 
    304 |        314 |     1 |     (1,1,3,3,1,5)     |  Auto 
    305 |        315 |     1 |     (1,1,3,3,1,6)     |  Auto 
    306 |        316 |     1 |     (1,1,3,3,2,1)     |  Auto 
    307 |        317 |     1 |     (1,1,3,3,2,2)     |  Auto 
    308 |        318 |     1 |     (1,1,3,3,2,3)     |  Auto 
    309 |        319 |     1 |     (1,1,3,3,2,4)     |  Auto 
    310 |        320 |     1 |     (1,1,3,3,2,5)     |  Auto 
    311 |        321 |     1 |     (1,1,3,3,2,6)     |  Auto 
    312 |        322 |     1 |     (1,1,3,3,3,1)     |  Auto 
    313 |        323 |     1 |     (1,1,3,3,3,2)     |  Auto 
    314 |        324 |     1 |     (1,1,3,3,3,3)     |  Auto 
    315 |        325 |     1 |     (1,1,3,3,3,4)     |  Auto 
    316 |        326 |     1 |     (1,1,3,3,3,5)     |  Auto 
    317 |        327 |     1 |     (1,1,3,3,3,6)     |  Auto 
    318 |        328 |     1 |     (1,1,3,3,4,1)     |  Auto 
    319 |        329 |     1 |     (1,1,3,3,4,2)     |  Auto 
    320 |        330 |     1 |     (1,1,3,3,4,3)     |  Auto 
    321 |        331 |     1 |     (1,1,3,3,4,4)     |  Auto 
    322 |        332 |     1 |     (1,1,3,3,4,5)     |  Auto 
    323 |        333 |     1 |     (1,1,3,3,4,6)     |  Auto 
    324 |        334 |     1 |     (1,1,3,3,5,1)     |  Auto 
    325 |        335 |     1 |     (1,1,3,3,5,2)     |  Auto 
    326 |        336 |     1 |     (1,1,3,3,5,3)     |  Auto 
    327 |        337 |     1 |     (1,1,3,3,5,4)     |  Auto 
    328 |        338 |     1 |     (1,1,3,3,5,5)     |  Auto 
    329 |        339 |     1 |     (1,1,3,3,5,6)     |  Auto 
    330 |        340 |     1 |     (1,1,3,4,1,1)     |  Auto 
    331 |        341 |     1 |     (1,1,3,4,1,2)     |  Auto 
    332 |        342 |     1 |     (1,1,3,4,1,3)     |  Auto 
    333 |        343 |     1 |     (1,1,3,4,1,4)     |  Auto 
    334 |        344 |     1 |     (1,1,3,4,1,5)     |  Auto 
    335 |        345 |     1 |     (1,1,3,4,1,6)     |  Auto 
    336 |        346 |     1 |     (1,1,3,4,2,1)     |  Auto 
    337 |        347 |     1 |     (1,1,3,4,2,2)     |  Auto 
    338 |        348 |     1 |     (1,1,3,4,2,3)     |  Auto 
    339 |        349 |     1 |     (1,1,3,4,2,4)     |  Auto 
    340 |        350 |     1 |     (1,1,3,4,2,5)     |  Auto 
    341 |        351 |     1 |     (1,1,3,4,2,6)     |  Auto 
    342 |        352 |     1 |     (1,1,3,4,3,1)     |  Auto 
    343 |        353 |     1 |     (1,1,3,4,3,2)     |  Auto 
    344 |        354 |     1 |     (1,1,3,4,3,3)     |  Auto 
    345 |        355 |     1 |     (1,1,3,4,3,4)     |  Auto 
    346 |        356 |     1 |     (1,1,3,4,3,5)     |  Auto 
    347 |        357 |     1 |     (1,1,3,4,3,6)     |  Auto 
    348 |        358 |     1 |     (1,1,3,4,4,1)     |  Auto 
    349 |        359 |     1 |     (1,1,3,4,4,2)     |  Auto 
    350 |        360 |     1 |     (1,1,3,4,4,3)     |  Auto 
    351 |        361 |     1 |     (1,1,3,4,4,4)     |  Auto 
    352 |        362 |     1 |     (1,1,3,4,4,5)     |  Auto 
    353 |        363 |     1 |     (1,1,3,4,4,6)     |  Auto 
    354 |        364 |     1 |     (1,1,3,4,5,1)     |  Auto 
    355 |        365 |     1 |     (1,1,3,4,5,2)     |  Auto 
    356 |        366 |     1 |     (1,1,3,4,5,3)     |  Auto 
    357 |        367 |     1 |     (1,1,3,4,5,4)     |  Auto 
    358 |        368 |     1 |     (1,1,3,4,5,5)     |  Auto 
    359 |        369 |     1 |     (1,1,3,4,5,6)     |  Auto 
    360 |        370 |     1 |     (1,2,1,1,1,1)     |  Auto 
    361 |        371 |     1 |     (1,2,1,1,1,2)     |  Auto 
    362 |        372 |     1 |     (1,2,1,1,1,3)     |  Auto 
    363 |        373 |     1 |     (1,2,1,1,1,4)     |  Auto 
    364 |        374 |     1 |     (1,2,1,1,1,5)     |  Auto 
    365 |        375 |     1 |     (1,2,1,1,1,6)     |  Auto 
    366 |        376 |     1 |     (1,2,1,1,2,1)     |  Auto 
    367 |        377 |     1 |     (1,2,1,1,2,2)     |  Auto 
    368 |        378 |     1 |     (1,2,1,1,2,3)     |  Auto 
    369 |        379 |     1 |     (1,2,1,1,2,4)     |  Auto 
    370 |        380 |     1 |     (1,2,1,1,2,5)     |  Auto 
    371 |        381 |     1 |     (1,2,1,1,2,6)     |  Auto 
    372 |        382 |     1 |     (1,2,1,1,3,1)     |  Auto 
    373 |        383 |     1 |     (1,2,1,1,3,2)     |  Auto 
    374 |        384 |     1 |     (1,2,1,1,3,3)     |  Auto 
    375 |        385 |     1 |     (1,2,1,1,3,4)     |  Auto 
    376 |        386 |     1 |     (1,2,1,1,3,5)     |  Auto 
    377 |        387 |     1 |     (1,2,1,1,3,6)     |  Auto 
    378 |        388 |     1 |     (1,2,1,1,4,1)     |  Auto 
    379 |        389 |     1 |     (1,2,1,1,4,2)     |  Auto 
    380 |        390 |     1 |     (1,2,1,1,4,3)     |  Auto 
    381 |        391 |     1 |     (1,2,1,1,4,4)     |  Auto 
    382 |        392 |     1 |     (1,2,1,1,4,5)     |  Auto 
    383 |        393 |     1 |     (1,2,1,1,4,6)     |  Auto 
    384 |        394 |     1 |     (1,2,1,1,5,1)     |  Auto 
    385 |        395 |     1 |     (1,2,1,1,5,2)     |  Auto 
    386 |        396 |     1 |     (1,2,1,1,5,3)     |  Auto 
    387 |        397 |     1 |     (1,2,1,1,5,4)     |  Auto 
    388 |        398 |     1 |     (1,2,1,1,5,5)     |  Auto 
    389 |        399 |     1 |     (1,2,1,1,5,6)     |  Auto 
    390 |        400 |     1 |     (1,2,1,2,1,1)     |  Auto 
    391 |        401 |     1 |     (1,2,1,2,1,2)     |  Auto 
    392 |        402 |     1 |     (1,2,1,2,1,3)     |  Auto 
    393 |        403 |     1 |     (1,2,1,2,1,4)     |  Auto 
    394 |        404 |     1 |     (1,2,1,2,1,5)     |  Auto 
    395 |        405 |     1 |     (1,2,1,2,1,6)     |  Auto 
    396 |        406 |     1 |     (1,2,1,2,2,1)     |  Auto 
    397 |        407 |     1 |     (1,2,1,2,2,2)     |  Auto 
    398 |        408 |     1 |     (1,2,1,2,2,3)     |  Auto 
    399 |        409 |     1 |     (1,2,1,2,2,4)     |  Auto 
    400 |        410 |     1 |     (1,2,1,2,2,5)     |  Auto 
    401 |        411 |     1 |     (1,2,1,2,2,6)     |  Auto 
    402 |        412 |     1 |     (1,2,1,2,3,1)     |  Auto 
    403 |        413 |     1 |     (1,2,1,2,3,2)     |  Auto 
    404 |        414 |     1 |     (1,2,1,2,3,3)     |  Auto 
    405 |        415 |     1 |     (1,2,1,2,3,4)     |  Auto 
    406 |        416 |     1 |     (1,2,1,2,3,5)     |  Auto 
    407 |        417 |     1 |     (1,2,1,2,3,6)     |  Auto 
    408 |        418 |     1 |     (1,2,1,2,4,1)     |  Auto 
    409 |        419 |     1 |     (1,2,1,2,4,2)     |  Auto 
    410 |        420 |     1 |     (1,2,1,2,4,3)     |  Auto 
    411 |        421 |     1 |     (1,2,1,2,4,4)     |  Auto 
    412 |        422 |     1 |     (1,2,1,2,4,5)     |  Auto 
    413 |        423 |     1 |     (1,2,1,2,4,6)     |  Auto 
    414 |        424 |     1 |     (1,2,1,2,5,1)     |  Auto 
    415 |        425 |     1 |     (1,2,1,2,5,2)     |  Auto 
    416 |        426 |     1 |     (1,2,1,2,5,3)     |  Auto 
    417 |        427 |     1 |     (1,2,1,2,5,4)     |  Auto 
    418 |        428 |     1 |     (1,2,1,2,5,5)     |  Auto 
    419 |        429 |     1 |     (1,2,1,2,5,6)     |  Auto 
    420 |        430 |     1 |     (1,2,1,3,1,1)     |  Auto 
    421 |        431 |     1 |     (1,2,1,3,1,2)     |  Auto 
    422 |        432 |     1 |     (1,2,1,3,1,3)     |  Auto 
    423 |        433 |     1 |     (1,2,1,3,1,4)     |  Auto 
    424 |        434 |     1 |     (1,2,1,3,1,5)     |  Auto 
    425 |        435 |     1 |     (1,2,1,3,1,6)     |  Auto 
    426 |        436 |     1 |     (1,2,1,3,2,1)     |  Auto 
    427 |        437 |     1 |     (1,2,1,3,2,2)     |  Auto 
    428 |        438 |     1 |     (1,2,1,3,2,3)     |  Auto 
    429 |        439 |     1 |     (1,2,1,3,2,4)     |  Auto 
    430 |        440 |     1 |     (1,2,1,3,2,5)     |  Auto 
    431 |        441 |     1 |     (1,2,1,3,2,6)     |  Auto 
    432 |        442 |     1 |     (1,2,1,3,3,1)     |  Auto 
    433 |        443 |     1 |     (1,2,1,3,3,2)     |  Auto 
    434 |        444 |     1 |     (1,2,1,3,3,3)     |  Auto 
    435 |        445 |     1 |     (1,2,1,3,3,4)     |  Auto 
    436 |        446 |     1 |     (1,2,1,3,3,5)     |  Auto 
    437 |        447 |     1 |     (1,2,1,3,3,6)     |  Auto 
    438 |        448 |     1 |     (1,2,1,3,4,1)     |  Auto 
    439 |        449 |     1 |     (1,2,1,3,4,2)     |  Auto 
    440 |        450 |     1 |     (1,2,1,3,4,3)     |  Auto 
    441 |        451 |     1 |     (1,2,1,3,4,4)     |  Auto 
    442 |        452 |     1 |     (1,2,1,3,4,5)     |  Auto 
    443 |        453 |     1 |     (1,2,1,3,4,6)     |  Auto 
    444 |        454 |     1 |     (1,2,1,3,5,1)     |  Auto 
    445 |        455 |     1 |     (1,2,1,3,5,2)     |  Auto 
    446 |        456 |     1 |     (1,2,1,3,5,3)     |  Auto 
    447 |        457 |     1 |     (1,2,1,3,5,4)     |  Auto 
    448 |        458 |     1 |     (1,2,1,3,5,5)     |  Auto 
    449 |        459 |     1 |     (1,2,1,3,5,6)     |  Auto 
    450 |        460 |     1 |     (1,2,1,4,1,1)     |  Auto 
    451 |        461 |     1 |     (1,2,1,4,1,2)     |  Auto 
    452 |        462 |     1 |     (1,2,1,4,1,3)     |  Auto 
    453 |        463 |     1 |     (1,2,1,4,1,4)     |  Auto 
    454 |        464 |     1 |     (1,2,1,4,1,5)     |  Auto 
    455 |        465 |     1 |     (1,2,1,4,1,6)     |  Auto 
    456 |        466 |     1 |     (1,2,1,4,2,1)     |  Auto 
    457 |        467 |     1 |     (1,2,1,4,2,2)     |  Auto 
    458 |        468 |     1 |     (1,2,1,4,2,3)     |  Auto 
    459 |        469 |     1 |     (1,2,1,4,2,4)     |  Auto 
    460 |        470 |     1 |     (1,2,1,4,2,5)     |  Auto 
    461 |        471 |     1 |     (1,2,1,4,2,6)     |  Auto 
    462 |        472 |     1 |     (1,2,1,4,3,1)     |  Auto 
    463 |        473 |     1 |     (1,2,1,4,3,2)     |  Auto 
    464 |        474 |     1 |     (1,2,1,4,3,3)     |  Auto 
    465 |        475 |     1 |     (1,2,1,4,3,4)     |  Auto 
    466 |        476 |     1 |     (1,2,1,4,3,5)     |  Auto 
    467 |        477 |     1 |     (1,2,1,4,3,6)     |  Auto 
    468 |        478 |     1 |     (1,2,1,4,4,1)     |  Auto 
    469 |        479 |     1 |     (1,2,1,4,4,2)     |  Auto 
    470 |        480 |     1 |     (1,2,1,4,4,3)     |  Auto 
    471 |        481 |     1 |     (1,2,1,4,4,4)     |  Auto 
    472 |        482 |     1 |     (1,2,1,4,4,5)     |  Auto 
    473 |        483 |     1 |     (1,2,1,4,4,6)     |  Auto 
    474 |        484 |     1 |     (1,2,1,4,5,1)     |  Auto 
    475 |        485 |     1 |     (1,2,1,4,5,2)     |  Auto 
    476 |        486 |     1 |     (1,2,1,4,5,3)     |  Auto 
    477 |        487 |     1 |     (1,2,1,4,5,4)     |  Auto 
    478 |        488 |     1 |     (1,2,1,4,5,5)     |  Auto 
    479 |        489 |     1 |     (1,2,1,4,5,6)     |  Auto 
    480 |        490 |     1 |     (1,2,2,1,1,1)     |  Auto 
    481 |        491 |     1 |     (1,2,2,1,1,2)     |  Auto 
    482 |        492 |     1 |     (1,2,2,1,1,3)     |  Auto 
    483 |        493 |     1 |     (1,2,2,1,1,4)     |  Auto 
    484 |        494 |     1 |     (1,2,2,1,1,5)     |  Auto 
    485 |        495 |     1 |     (1,2,2,1,1,6)     |  Auto 
    486 |        496 |     1 |     (1,2,2,1,2,1)     |  Auto 
    487 |        497 |     1 |     (1,2,2,1,2,2)     |  Auto 
    488 |        498 |     1 |     (1,2,2,1,2,3)     |  Auto 
    489 |        499 |     1 |     (1,2,2,1,2,4)     |  Auto 
    490 |        500 |     1 |     (1,2,2,1,2,5)     |  Auto 
    491 |        501 |     1 |     (1,2,2,1,2,6)     |  Auto 
    492 |        502 |     1 |     (1,2,2,1,3,1)     |  Auto 
    493 |        503 |     1 |     (1,2,2,1,3,2)     |  Auto 
    494 |        504 |     1 |     (1,2,2,1,3,3)     |  Auto 
    495 |        505 |     1 |     (1,2,2,1,3,4)     |  Auto 
    496 |        506 |     1 |     (1,2,2,1,3,5)     |  Auto 
    497 |        507 |     1 |     (1,2,2,1,3,6)     |  Auto 
    498 |        508 |     1 |     (1,2,2,1,4,1)     |  Auto 
    499 |        509 |     1 |     (1,2,2,1,4,2)     |  Auto 
    500 |        510 |     1 |     (1,2,2,1,4,3)     |  Auto 
    501 |        511 |     1 |     (1,2,2,1,4,4)     |  Auto 
    502 |        512 |     1 |     (1,2,2,1,4,5)     |  Auto 
    503 |        513 |     1 |     (1,2,2,1,4,6)     |  Auto 
    504 |        514 |     1 |     (1,2,2,1,5,1)     |  Auto 
    505 |        515 |     1 |     (1,2,2,1,5,2)     |  Auto 
    506 |        516 |     1 |     (1,2,2,1,5,3)     |  Auto 
    507 |        517 |     1 |     (1,2,2,1,5,4)     |  Auto 
    508 |        518 |     1 |     (1,2,2,1,5,5)     |  Auto 
    509 |        519 |     1 |     (1,2,2,1,5,6)     |  Auto 
    510 |        520 |     1 |     (1,2,2,2,1,1)     |  Auto 
    511 |        521 |     1 |     (1,2,2,2,1,2)     |  Auto 
    512 |        522 |     1 |     (1,2,2,2,1,3)     |  Auto 
    513 |        523 |     1 |     (1,2,2,2,1,4)     |  Auto 
    514 |        524 |     1 |     (1,2,2,2,1,5)     |  Auto 
    515 |        525 |     1 |     (1,2,2,2,1,6)     |  Auto 
    516 |        526 |     1 |     (1,2,2,2,2,1)     |  Auto 
    517 |        527 |     1 |     (1,2,2,2,2,2)     |  Auto 
    518 |        528 |     1 |     (1,2,2,2,2,3)     |  Auto 
    519 |        529 |     1 |     (1,2,2,2,2,4)     |  Auto 
    520 |        530 |     1 |     (1,2,2,2,2,5)     |  Auto 
    521 |        531 |     1 |     (1,2,2,2,2,6)     |  Auto 
    522 |        532 |     1 |     (1,2,2,2,3,1)     |  Auto 
    523 |        533 |     1 |     (1,2,2,2,3,2)     |  Auto 
    524 |        534 |     1 |     (1,2,2,2,3,3)     |  Auto 
    525 |        535 |     1 |     (1,2,2,2,3,4)     |  Auto 
    526 |        536 |     1 |     (1,2,2,2,3,5)     |  Auto 
    527 |        537 |     1 |     (1,2,2,2,3,6)     |  Auto 
    528 |        538 |     1 |     (1,2,2,2,4,1)     |  Auto 
    529 |        539 |     1 |     (1,2,2,2,4,2)     |  Auto 
    530 |        540 |     1 |     (1,2,2,2,4,3)     |  Auto 
    531 |        541 |     1 |     (1,2,2,2,4,4)     |  Auto 
    532 |        542 |     1 |     (1,2,2,2,4,5)     |  Auto 
    533 |        543 |     1 |     (1,2,2,2,4,6)     |  Auto 
    534 |        544 |     1 |     (1,2,2,2,5,1)     |  Auto 
    535 |        545 |     1 |     (1,2,2,2,5,2)     |  Auto 
    536 |        546 |     1 |     (1,2,2,2,5,3)     |  Auto 
    537 |        547 |     1 |     (1,2,2,2,5,4)     |  Auto 
    538 |        548 |     1 |     (1,2,2,2,5,5)     |  Auto 
    539 |        549 |     1 |     (1,2,2,2,5,6)     |  Auto 
    540 |        550 |     1 |     (1,2,2,3,1,1)     |  Auto 
    541 |        551 |     1 |     (1,2,2,3,1,2)     |  Auto 
    542 |        552 |     1 |     (1,2,2,3,1,3)     |  Auto 
    543 |        553 |     1 |     (1,2,2,3,1,4)     |  Auto 
    544 |        554 |     1 |     (1,2,2,3,1,5)     |  Auto 
    545 |        555 |     1 |     (1,2,2,3,1,6)     |  Auto 
    546 |        556 |     1 |     (1,2,2,3,2,1)     |  Auto 
    547 |        557 |     1 |     (1,2,2,3,2,2)     |  Auto 
    548 |        558 |     1 |     (1,2,2,3,2,3)     |  Auto 
    549 |        559 |     1 |     (1,2,2,3,2,4)     |  Auto 
    550 |        560 |     1 |     (1,2,2,3,2,5)     |  Auto 
    551 |        561 |     1 |     (1,2,2,3,2,6)     |  Auto 
    552 |        562 |     1 |     (1,2,2,3,3,1)     |  Auto 
    553 |        563 |     1 |     (1,2,2,3,3,2)     |  Auto 
    554 |        564 |     1 |     (1,2,2,3,3,3)     |  Auto 
    555 |        565 |     1 |     (1,2,2,3,3,4)     |  Auto 
    556 |        566 |     1 |     (1,2,2,3,3,5)     |  Auto 
    557 |        567 |     1 |     (1,2,2,3,3,6)     |  Auto 
    558 |        568 |     1 |     (1,2,2,3,4,1)     |  Auto 
    559 |        569 |     1 |     (1,2,2,3,4,2)     |  Auto 
    560 |        570 |     1 |     (1,2,2,3,4,3)     |  Auto 
    561 |        571 |     1 |     (1,2,2,3,4,4)     |  Auto 
    562 |        572 |     1 |     (1,2,2,3,4,5)     |  Auto 
    563 |        573 |     1 |     (1,2,2,3,4,6)     |  Auto 
    564 |        574 |     1 |     (1,2,2,3,5,1)     |  Auto 
    565 |        575 |     1 |     (1,2,2,3,5,2)     |  Auto 
    566 |        576 |     1 |     (1,2,2,3,5,3)     |  Auto 
    567 |        577 |     1 |     (1,2,2,3,5,4)     |  Auto 
    568 |        578 |     1 |     (1,2,2,3,5,5)     |  Auto 
    569 |        579 |     1 |     (1,2,2,3,5,6)     |  Auto 
    570 |        580 |     1 |     (1,2,2,4,1,1)     |  Auto 
    571 |        581 |     1 |     (1,2,2,4,1,2)     |  Auto 
    572 |        582 |     1 |     (1,2,2,4,1,3)     |  Auto 
    573 |        583 |     1 |     (1,2,2,4,1,4)     |  Auto 
    574 |        584 |     1 |     (1,2,2,4,1,5)     |  Auto 
    575 |        585 |     1 |     (1,2,2,4,1,6)     |  Auto 
    576 |        586 |     1 |     (1,2,2,4,2,1)     |  Auto 
    577 |        587 |     1 |     (1,2,2,4,2,2)     |  Auto 
    578 |        588 |     1 |     (1,2,2,4,2,3)     |  Auto 
    579 |        589 |     1 |     (1,2,2,4,2,4)     |  Auto 
    580 |        590 |     1 |     (1,2,2,4,2,5)     |  Auto 
    581 |        591 |     1 |     (1,2,2,4,2,6)     |  Auto 
    582 |        592 |     1 |     (1,2,2,4,3,1)     |  Auto 
    583 |        593 |     1 |     (1,2,2,4,3,2)     |  Auto 
    584 |        594 |     1 |     (1,2,2,4,3,3)     |  Auto 
    585 |        595 |     1 |     (1,2,2,4,3,4)     |  Auto 
    586 |        596 |     1 |     (1,2,2,4,3,5)     |  Auto 
    587 |        597 |     1 |     (1,2,2,4,3,6)     |  Auto 
    588 |        598 |     1 |     (1,2,2,4,4,1)     |  Auto 
    589 |        599 |     1 |     (1,2,2,4,4,2)     |  Auto 
    590 |        600 |     1 |     (1,2,2,4,4,3)     |  Auto 
    591 |        601 |     1 |     (1,2,2,4,4,4)     |  Auto 
    592 |        602 |     1 |     (1,2,2,4,4,5)     |  Auto 
    593 |        603 |     1 |     (1,2,2,4,4,6)     |  Auto 
    594 |        604 |     1 |     (1,2,2,4,5,1)     |  Auto 
    595 |        605 |     1 |     (1,2,2,4,5,2)     |  Auto 
    596 |        606 |     1 |     (1,2,2,4,5,3)     |  Auto 
    597 |        607 |     1 |     (1,2,2,4,5,4)     |  Auto 
    598 |        608 |     1 |     (1,2,2,4,5,5)     |  Auto 
    599 |        609 |     1 |     (1,2,2,4,5,6)     |  Auto 
    600 |        610 |     1 |     (1,2,3,1,1,1)     |  Auto 
    601 |        611 |     1 |     (1,2,3,1,1,2)     |  Auto 
    602 |        612 |     1 |     (1,2,3,1,1,3)     |  Auto 
    603 |        613 |     1 |     (1,2,3,1,1,4)     |  Auto 
    604 |        614 |     1 |     (1,2,3,1,1,5)     |  Auto 
    605 |        615 |     1 |     (1,2,3,1,1,6)     |  Auto 
    606 |        616 |     1 |     (1,2,3,1,2,1)     |  Auto 
    607 |        617 |     1 |     (1,2,3,1,2,2)     |  Auto 
    608 |        618 |     1 |     (1,2,3,1,2,3)     |  Auto 
    609 |        619 |     1 |     (1,2,3,1,2,4)     |  Auto 
    610 |        620 |     1 |     (1,2,3,1,2,5)     |  Auto 
    611 |        621 |     1 |     (1,2,3,1,2,6)     |  Auto 
    612 |        622 |     1 |     (1,2,3,1,3,1)     |  Auto 
    613 |        623 |     1 |     (1,2,3,1,3,2)     |  Auto 
    614 |        624 |     1 |     (1,2,3,1,3,3)     |  Auto 
    615 |        625 |     1 |     (1,2,3,1,3,4)     |  Auto 
    616 |        626 |     1 |     (1,2,3,1,3,5)     |  Auto 
    617 |        627 |     1 |     (1,2,3,1,3,6)     |  Auto 
    618 |        628 |     1 |     (1,2,3,1,4,1)     |  Auto 
    619 |        629 |     1 |     (1,2,3,1,4,2)     |  Auto 
    620 |        630 |     1 |     (1,2,3,1,4,3)     |  Auto 
    621 |        631 |     1 |     (1,2,3,1,4,4)     |  Auto 
    622 |        632 |     1 |     (1,2,3,1,4,5)     |  Auto 
    623 |        633 |     1 |     (1,2,3,1,4,6)     |  Auto 
    624 |        634 |     1 |     (1,2,3,1,5,1)     |  Auto 
    625 |        635 |     1 |     (1,2,3,1,5,2)     |  Auto 
    626 |        636 |     1 |     (1,2,3,1,5,3)     |  Auto 
    627 |        637 |     1 |     (1,2,3,1,5,4)     |  Auto 
    628 |        638 |     1 |     (1,2,3,1,5,5)     |  Auto 
    629 |        639 |     1 |     (1,2,3,1,5,6)     |  Auto 
    630 |        640 |     1 |     (1,2,3,2,1,1)     |  Auto 
    631 |        641 |     1 |     (1,2,3,2,1,2)     |  Auto 
    632 |        642 |     1 |     (1,2,3,2,1,3)     |  Auto 
    633 |        643 |     1 |     (1,2,3,2,1,4)     |  Auto 
    634 |        644 |     1 |     (1,2,3,2,1,5)     |  Auto 
    635 |        645 |     1 |     (1,2,3,2,1,6)     |  Auto 
    636 |        646 |     1 |     (1,2,3,2,2,1)     |  Auto 
    637 |        647 |     1 |     (1,2,3,2,2,2)     |  Auto 
    638 |        648 |     1 |     (1,2,3,2,2,3)     |  Auto 
    639 |        649 |     1 |     (1,2,3,2,2,4)     |  Auto 
    640 |        650 |     1 |     (1,2,3,2,2,5)     |  Auto 
    641 |        651 |     1 |     (1,2,3,2,2,6)     |  Auto 
    642 |        652 |     1 |     (1,2,3,2,3,1)     |  Auto 
    643 |        653 |     1 |     (1,2,3,2,3,2)     |  Auto 
    644 |        654 |     1 |     (1,2,3,2,3,3)     |  Auto 
    645 |        655 |     1 |     (1,2,3,2,3,4)     |  Auto 
    646 |        656 |     1 |     (1,2,3,2,3,5)     |  Auto 
    647 |        657 |     1 |     (1,2,3,2,3,6)     |  Auto 
    648 |        658 |     1 |     (1,2,3,2,4,1)     |  Auto 
    649 |        659 |     1 |     (1,2,3,2,4,2)     |  Auto 
    650 |        660 |     1 |     (1,2,3,2,4,3)     |  Auto 
    651 |        661 |     1 |     (1,2,3,2,4,4)     |  Auto 
    652 |        662 |     1 |     (1,2,3,2,4,5)     |  Auto 
    653 |        663 |     1 |     (1,2,3,2,4,6)     |  Auto 
    654 |        664 |     1 |     (1,2,3,2,5,1)     |  Auto 
    655 |        665 |     1 |     (1,2,3,2,5,2)     |  Auto 
    656 |        666 |     1 |     (1,2,3,2,5,3)     |  Auto 
    657 |        667 |     1 |     (1,2,3,2,5,4)     |  Auto 
    658 |        668 |     1 |     (1,2,3,2,5,5)     |  Auto 
    659 |        669 |     1 |     (1,2,3,2,5,6)     |  Auto 
    660 |        670 |     1 |     (1,2,3,3,1,1)     |  Auto 
    661 |        671 |     1 |     (1,2,3,3,1,2)     |  Auto 
    662 |        672 |     1 |     (1,2,3,3,1,3)     |  Auto 
    663 |        673 |     1 |     (1,2,3,3,1,4)     |  Auto 
    664 |        674 |     1 |     (1,2,3,3,1,5)     |  Auto 
    665 |        675 |     1 |     (1,2,3,3,1,6)     |  Auto 
    666 |        676 |     1 |     (1,2,3,3,2,1)     |  Auto 
    667 |        677 |     1 |     (1,2,3,3,2,2)     |  Auto 
    668 |        678 |     1 |     (1,2,3,3,2,3)     |  Auto 
    669 |        679 |     1 |     (1,2,3,3,2,4)     |  Auto 
    670 |        680 |     1 |     (1,2,3,3,2,5)     |  Auto 
    671 |        681 |     1 |     (1,2,3,3,2,6)     |  Auto 
    672 |        682 |     1 |     (1,2,3,3,3,1)     |  Auto 
    673 |        683 |     1 |     (1,2,3,3,3,2)     |  Auto 
    674 |        684 |     1 |     (1,2,3,3,3,3)     |  Auto 
    675 |        685 |     1 |     (1,2,3,3,3,4)     |  Auto 
    676 |        686 |     1 |     (1,2,3,3,3,5)     |  Auto 
    677 |        687 |     1 |     (1,2,3,3,3,6)     |  Auto 
    678 |        688 |     1 |     (1,2,3,3,4,1)     |  Auto 
    679 |        689 |     1 |     (1,2,3,3,4,2)     |  Auto 
    680 |        690 |     1 |     (1,2,3,3,4,3)     |  Auto 
    681 |        691 |     1 |     (1,2,3,3,4,4)     |  Auto 
    682 |        692 |     1 |     (1,2,3,3,4,5)     |  Auto 
    683 |        693 |     1 |     (1,2,3,3,4,6)     |  Auto 
    684 |        694 |     1 |     (1,2,3,3,5,1)     |  Auto 
    685 |        695 |     1 |     (1,2,3,3,5,2)     |  Auto 
    686 |        696 |     1 |     (1,2,3,3,5,3)     |  Auto 
    687 |        697 |     1 |     (1,2,3,3,5,4)     |  Auto 
    688 |        698 |     1 |     (1,2,3,3,5,5)     |  Auto 
    689 |        699 |     1 |     (1,2,3,3,5,6)     |  Auto 
    690 |        700 |     1 |     (1,2,3,4,1,1)     |  Auto 
    691 |        701 |     1 |     (1,2,3,4,1,2)     |  Auto 
    692 |        702 |     1 |     (1,2,3,4,1,3)     |  Auto 
    693 |        703 |     1 |     (1,2,3,4,1,4)     |  Auto 
    694 |        704 |     1 |     (1,2,3,4,1,5)     |  Auto 
    695 |        705 |     1 |     (1,2,3,4,1,6)     |  Auto 
    696 |        706 |     1 |     (1,2,3,4,2,1)     |  Auto 
    697 |        707 |     1 |     (1,2,3,4,2,2)     |  Auto 
    698 |        708 |     1 |     (1,2,3,4,2,3)     |  Auto 
    699 |        709 |     1 |     (1,2,3,4,2,4)     |  Auto 
    700 |        710 |     1 |     (1,2,3,4,2,5)     |  Auto 
    701 |        711 |     1 |     (1,2,3,4,2,6)     |  Auto 
    702 |        712 |     1 |     (1,2,3,4,3,1)     |  Auto 
    703 |        713 |     1 |     (1,2,3,4,3,2)     |  Auto 
    704 |        714 |     1 |     (1,2,3,4,3,3)     |  Auto 
    705 |        715 |     1 |     (1,2,3,4,3,4)     |  Auto 
    706 |        716 |     1 |     (1,2,3,4,3,5)     |  Auto 
    707 |        717 |     1 |     (1,2,3,4,3,6)     |  Auto 
    708 |        718 |     1 |     (1,2,3,4,4,1)     |  Auto 
    709 |        719 |     1 |     (1,2,3,4,4,2)     |  Auto 
    710 |        720 |     1 |     (1,2,3,4,4,3)     |  Auto 
    711 |        721 |     1 |     (1,2,3,4,4,4)     |  Auto 
    712 |        722 |     1 |     (1,2,3,4,4,5)     |  Auto 
    713 |        723 |     1 |     (1,2,3,4,4,6)     |  Auto 
    714 |        724 |     1 |     (1,2,3,4,5,1)     |  Auto 
    715 |        725 |     1 |     (1,2,3,4,5,2)     |  Auto 
    716 |        726 |     1 |     (1,2,3,4,5,3)     |  Auto 
    717 |        727 |     1 |     (1,2,3,4,5,4)     |  Auto 
    718 |        728 |     1 |     (1,2,3,4,5,5)     |  Auto 
    719 |        729 |     1 |     (1,2,3,4,5,6)     |  Auto 
    720 |          0 |     2 | (1,1,1,1,1,1,1,1,1,1) |  Auto 
    721 |          1 |     2 | (1,1,1,1,1,1,1,1,1,2) |  Auto 
    722 |          2 |     2 | (1,1,1,1,1,1,1,1,1,3) |  Auto 
    723 |          3 |     2 | (1,1,1,1,1,1,1,1,1,4) |  Auto 
    724 |          4 |     2 | (1,1,1,1,1,1,1,1,1,5) |  Auto 
    725 |          5 |     2 | (1,1,1,1,1,1,1,1,2,1) |  Auto 
    726 |          6 |     2 | (1,1,1,1,1,1,1,1,2,2) |  Auto 
    727 |          7 |     2 | (1,1,1,1,1,1,1,1,2,3) |  Auto 
    728 |          8 |     2 | (1,1,1,1,1,1,1,1,2,4) |  Auto 
